fold,precision,recall,accuracy,roc_auc,f1,average_precision
4.5,0.8615564566426079,0.7050188088639423,0.8102253784875646,0.8771410356414016,0.7614090363970475,0.8811320595356695
