fold,precision,recall,accuracy,roc_auc,f1,average_precision
4.5,0.8346470771282392,0.6721949581552757,0.7788123699852074,0.8372675591271981,0.7380456348278411,0.850521300007193
