fold,precision,recall,accuracy,roc_auc,f1,average_precision
4.5,0.862093237974715,0.791179364477081,0.8320906754312896,0.906514647825036,0.825084105112653,0.9168003963941955
