fold,precision,recall,accuracy,roc_auc,f1,average_precision
4.5,0.8272844146269132,0.6203809894701104,0.7641320423174478,0.8166688707689016,0.6980205773095034,0.8255810520130538
