fold,precision,recall,accuracy,roc_auc,f1,average_precision
4.5,0.8480635422117696,0.6946574457800214,0.8017919449046629,0.8545296117012334,0.7555778548547023,0.863181135592228
